"sd_total","sd_nacional","sd_importado","cor_tasa","cor_tc"
2.9837145304637,2.83372332878319,6.85196248425451,0.103036465160355,-0.15142913642723
