"Mexico_Mean","US_Mean","Canada_Mean"
0.118485714285714,0.0272857142857143,0.0329142857142857
