"Pais","Premio_Riesgo_Medio","Crecimiento_Consumo_Medio"
"México",0.0641142857142857,0.0257714285714286
"Estados Unidos",0.1228,0.0266285714285714
"Canadá",0.0326285714285714,0.0247714285714286
