"Pais","Premio_Riesgo_Medio","Covarianza_Ret_Consumo","Gamma_Estimado"
"México",0.0641142857142857,0.00202532100840336,31.6563574111294
"Estados Unidos",0.1228,-6.68411764705883e-05,-1837.19088268943
"Canadá",0.0326285714285714,0.000335794957983193,97.1681398212194
